feature_id,area,feature,primary_user,story,expected_behavior,entry_points,code_refs,existing_coverage,test_type,test_status,last_tested_at,tester,issue_status,error_summary,evidence,fix_refs,retest_evidence,production_notes
AUTH-001,Authentication,Sign in,Existing user,"As an existing user, I can sign in with email and password so I can access my workspace.","Email/password sign-in authenticates the user, redirects into the authenticated app, and does not offer social auth as the primary test path.","/sign-in","apps/web/src/routes/_auth/sign-in.tsx; apps/web/src/lib/auth-runtime.better-auth.tsx","",browser,passed,2026-07-08T13:47:51Z,manager,none,"vb auth-001 open http://seal.localhost:1355/sign-in; filled test credentials; clicked Sign in; screenshot test-results/auth-001-sign-in-result.png; console clean",,,,
AUTH-002,Authentication,Sign up,New user,"As a new user, I can create an account so I can start using Seal.","Email/password sign-up creates a user and starts onboarding or workspace selection without requiring social auth.","/sign-up","apps/web/src/routes/_auth/sign-up.tsx; apps/backend/convex/organizations/mutations.ts","convex/organizations/__tests__/account_creation.test.ts",browser,passed,2026-07-08T13:49:06Z,manager,none,"vb auth-002 open http://seal.localhost:1355/sign-up; filled new-user form with QA Auth 002 / seal-e2e-auth002@seal.nyc / SealE2ePassword123!; submitted; reached create-workspace onboarding page; screenshot test-results/auth-002-sign-up-result.png",,,,
AUTH-003,Authentication,Accept invitation,Invited teammate,"As an invited teammate, I can accept an invitation so I can join the organization.","Valid invitation links route the user through account/session handling and add them to the target organization with the invited role.","/accept-invite","apps/web/src/routes/_auth/accept-invite.tsx; apps/backend/convex/invitations.ts","",browser,retest_passed,2026-07-08T14:35:24Z,manager,closed,"Invited member redeemed successfully but dashboard crashed for member role because recent activity required audit:view.","Created invitation with real invitations:createInvitation mutation for seal-auth003-20260708-1032@seal.nyc; opened local /accept-invite token URL in fresh vb session; signup preserved token and accepted invitation; initial proof failed on dashboard with ConvexError Insufficient permissions from dashboard/queries:getRecentActivity; screenshots docs/test-sessions/auth-003-invite-signup-filled.png and docs/test-sessions/auth-003-joining-stuck.png",apps/backend/convex/dashboard/queries.ts,"After getRecentActivity degraded to an empty feed for users without audit read/view, deployed Convex dev functions to aware-buzzard-568, reloaded invited-user session, landed on http://seal.localhost:1355/seal-e2e/home with dashboard visible and no page errors; screenshot docs/test-sessions/auth-003-accepted-dashboard.png",
ORG-001,Onboarding,Choose organization,Authenticated user,"As an authenticated user with multiple organizations, I can choose which workspace to enter.","The organization chooser lists available organizations and routes to the selected workspace slug.","/onboarding/choose-organization","apps/web/src/routes/_authenticated/onboarding/choose-organization/index.tsx; apps/web/src/components/team-switcher.tsx","",browser,retest_passed,2026-07-08T13:58:17Z,manager,closed,"","vb auth-002 open http://seal.localhost:1355/onboarding/choose-organization; two workspaces were listed; selected the sibling workspace button; route resolved to http://seal.localhost:1355/qa-auth-002-1/home; console clean; screenshot test-results/org-001-selected-workspace.png",apps/web/src/components/team-switcher.tsx,,
ORG-002,Organization selection,Switch workspace,Authenticated user with multiple organizations,"As an authenticated user with multiple organizations, I can switch my active workspace from the app shell so I stay in the correct tenant.","The workspace switcher lists my organizations, selecting one updates the active org slug, and the app routes into that workspace without losing the onboarding/active-org recovery behavior.","/app; app shell workspace switcher; /onboarding/choose-organization","apps/web/src/components/team-switcher.tsx; apps/web/src/components/app-sidebar.tsx; apps/web/src/components/enforce-organization.tsx; apps/web/src/routes/app.tsx; apps/backend/convex/check_membership.ts; apps/backend/convex/organizations/queries.ts","apps/web/e2e/tests/auth.e2e.ts; apps/web/e2e/tests/team-management.e2e.ts",browser,retest_passed,2026-07-08T14:07:46Z,manager,closed,"","vb auth-002 open http://seal.localhost:1355/qa-auth-002-1/home; opened the workspace menu; mouse-selected the sibling workspace; URL resolved to http://seal.localhost:1355/qa-auth-002/home; console clean; screenshot test-results/org-002-switch-workspace-final.png",apps/backend/convex/check_membership.ts; apps/web/src/components/app-sidebar.tsx; apps/web/src/routes/_authenticated/onboarding/choose-organization/index.tsx; apps/web/src/components/team-switcher.tsx,,
DASH-001,Dashboard,Home dashboard,Workspace member,"As a workspace member, I can see workspace status and recent activity so I know what needs attention.","Dashboard shows stats, recent documents, recent activity, needs-attention items, quick actions, and team overview from org-scoped data.","/:slug/home; /:slug","apps/web/src/routes/_authenticated/$slug/home.tsx; apps/web/src/components/dashboard","convex/dashboard/__tests__/analytics_queries.test.ts",browser,passed,2026-07-08T14:18:30Z,manager,none,"vb auth-002 open http://seal.localhost:1355/qa-auth-002/home; snapshot showed dashboard stats, quick actions, recent activity, and team overview; screenshot test-results/dash-001-dashboard-current.png",,,,
DOC-001,Documents,Upload document,Workspace member,"As a workspace member, I can upload a document so it can be prepared for signing.","Upload dialog validates files, creates a document record, uploads storage content, and opens or lists the new document.","/:slug/documents","apps/web/src/routes/_authenticated/$slug/documents/index.tsx; apps/web/src/components/documents/upload-dialog.tsx; apps/backend/convex/documents/upload_config.ts","src/components/documents/upload-dialog.test.tsx; convex/documents/__tests__/upload_config.test.ts",browser,passed,2026-07-08T14:38:44Z,manager,none,"vb seal-doc-001 signed in as seal-e2e@seal.nyc, opened http://seal.localhost:1355/seal-e2e/documents, opened Upload Documents dialog, verified Upload PDF disabled before file selection, attached apps/web/e2e/fixtures/sample-document.pdf, clicked Upload PDF, saw success toast and draft row for sample-document.pdf with 1 page / 51.86 KB; screenshots docs/test-sessions/doc-001-signin-filled.png, docs/test-sessions/doc-001-upload-file-selected.png, docs/test-sessions/doc-001-upload-result.png",,,,
DOC-002,Documents,Document editor,Document owner,"As a document owner, I can open a document and prepare it for recipients.","Document route loads PDF/pages, recipients, fields, status, sidebar, toolbar, presence, and save/send actions for the selected document.","/:slug/documents/:documentId","apps/web/src/routes/_authenticated/$slug/documents/$documentId.tsx; apps/web/src/components/documents","convex/documents/__tests__/workflow_mutations.test.ts",browser,retest_passed,2026-07-08T14:45:16Z,manager,closed,"Initial proof exceeded the 2 second editor-preview bar and local worker retest exposed a PDF.js API/worker mismatch: API 5.4.296 vs worker 5.6.205.","Fresh browser opened uploaded document jn75ap6kmpey306eyqbyd5ysp58a56f9; editor header, PDF page text, recipients, field controls, status, toolbar, and sidebar rendered with no page errors. Screenshot: docs/test-sessions/doc-002-worker-pin-visible.png","Pinned apps/web pdfjs-dist to 5.4.296 and switched authenticated editor plus public signing routes from unpkg worker URLs to bundled pdfjs-dist worker imports.","Retest used clean Vite restart after lockfile reoptimization; no PDF.js mismatch error in console; DOM contained rendered PDF text and editor controls within the route proof.",
DOC-003,Documents,Add recipients,Document owner,"As a document owner, I can add recipients so each signer has assigned fields.","Add recipient flow validates recipient data, creates recipient rows, assigns colors/order, and updates the editor state.","Document editor add recipient dialog","apps/web/src/components/documents/add-recipient-dialog.tsx; apps/backend/convex/documents/recipients_mutations.ts","src/components/documents/add-recipient-dialog.test.tsx; convex/documents/__tests__/recipients_mutations.test.ts",browser,passed,2026-07-08T14:47:58Z,manager,none,"","Opened Add Recipient from document editor, verified submit disabled until a team member was selected, selected Auth Invite 003, clicked Add Recipient, saw success toast, Recipients count increased to 1, Activity count increased to 2, recipient row showed pending, and signer field tools unlocked. Screenshots: docs/test-sessions/doc-003-add-recipient-dialog.png, docs/test-sessions/doc-003-recipient-added.png",,,
DOC-004,Documents,Place fillable fields,Document owner,"As a document owner, I can place fields on the PDF so recipients know what to complete.","Field toolbar and placement create typed fields with recipient ownership, stable positions, validation settings, and visible overlays.","Document editor field toolbar","apps/web/src/components/documents/field-toolbar.tsx; apps/web/src/components/documents/draggable-field.tsx; apps/backend/convex/signature_fields","convex/signature_fields/__tests__/mutations.test.ts",browser,passed,2026-07-08T14:50:37Z,manager,none,"","With DOC-003 recipient in place, used Signature field drag/drop path on uploaded document jn75ap6kmpey306eyqbyd5ysp58a56f9; Assign Field to Recipient dialog opened with Auth Invite 003 preselected; confirmed Place Field; PDF overlay rendered Signature Page 1, Signature Fields count became 1, field list showed assigned recipient, Undo enabled, and Send Document enabled. Screenshots: docs/test-sessions/doc-004-recipient-selector.png, docs/test-sessions/doc-004-signature-field-confirmed.png",,,
DOC-005,Documents,Configure payment field,Document owner,"As a document owner, I can add payment requirements to a document so collection is tied to signing.","Payment config supports one-time, recurring, installment, and deposit/balance settings and stores Vortex-backed payable configuration without retired-provider residue.","Document editor payment config modal","apps/web/src/components/documents/payment-config-modal.tsx; apps/backend/convex/payment_fields; apps/backend/convex/vortex_billing/payable_actions.ts","src/components/documents/payment-config-modal.test.tsx; bun run prove:seal-document-payment-vortex-local",browser,blocked,2026-07-08T14:56:42Z,manager,fixed_pending_retest,"Blocked by Vortex Connect readiness: local seal-e2e has no merchant account; staging Seal E2E Workspace created a Vortex Connect account and submitted hosted onboarding, but hosted Vortex returned an action queue with review requirement pending and Seal still shows Complete verification. Payment field remains disabled in staging editor.","Local backend query returned merchant status not_connected for seal-e2e. Staging browser proof: settings/payments showed Create Vortex Connect account; account creation succeeded; hosted onboarding form was completed with sandbox proof data; final submit locked information but left review requirement pending; reopening staging editor still showed Payment disabled. Screenshots: docs/test-sessions/doc-005-staging-payment-settings.png, docs/test-sessions/doc-005-staging-vortex-connect-final-submit.png, docs/test-sessions/doc-005-staging-payment-disabled-after-onboarding.png","apps/web/src/components/documents/field-toolbar.tsx","Local editor reload verified disabled Payment now exposes title: Connect Vortex merchant payments before placing payment fields. Payment config modal still requires a charges-ready Vortex merchant before full DOC-005 retest.","Retest when staging Vortex Connect status is connected and chargesEnabled=true."
DOC-006,Documents,Send document,Document owner,"As a document owner, I can send a prepared document so recipients receive signing invitations.","Send dialog validates recipients/fields, transitions workflow state, sends invitation emails, and records audit/activity.","Document editor send dialog","apps/web/src/components/documents/send-document-dialog.tsx; apps/backend/convex/documents/send_document_action.ts; packages/transactional/src/emails/document-invitation.tsx","src/components/documents/send-document-dialog.test.tsx; convex/documents/__tests__/workflow_mutations.test.ts",browser,passed,2026-07-08T15:01:18Z,manager,none,"","Opened Send Document from prepared local document jn75ap6kmpey306eyqbyd5ysp58a56f9; dialog listed Auth Invite 003 as recipient with 1 signer field and enabled Send Document; clicked Send Document; success toast reported Document sent successfully to 1 recipient; Send Document became disabled; Details showed file metadata and 1 field; backend Convex query returned status active, workflowStatus sent, and sentAt 1783522723250. Screenshots: docs/test-sessions/doc-006-send-dialog.png, docs/test-sessions/doc-006-send-result.png, docs/test-sessions/doc-006-details-after-send.png",,,
SIGN-001,Signing,Public signing link,Recipient,"As a recipient, I can open a signing link and complete required fields.","Signing route validates token, shows document, enforces consent, collects fields/signature, and completes or advances workflow.","/sign/:token","apps/web/src/routes/sign.$token.tsx; apps/web/src/components/documents/in-app-signing-section.tsx; apps/backend/convex/documents/sign_pdf_action.ts","src/components/documents/signature-capture.test.tsx; convex/documents/__tests__/workflow_helpers.test.ts",browser,passed,2026-07-08T15:05:40Z,manager,none,"","Opened the real signing link for recipient Auth Invite 003 in a fresh unauthenticated browser; ESIGN consent screen required checkbox before Continue; consent submission rendered sample-document.pdf, recipient details, viewed status, progress 0/1, and required Signature Page 1 overlay; signature modal opened from the overlay; submitted a signature; page moved to Completed/Signed with Download Document visible. Backend checks: recipient moved pending -> viewed with esignConsentAt -> signed with signedAt; signature_fields getFieldsBySigningToken returned Signature Page 1 isFilled=true; document workflowStatus became completed with completedAt. Screenshots: docs/test-sessions/sign-001-consent.png, docs/test-sessions/sign-001-consent-checked.png, docs/test-sessions/sign-001-document-loaded.png, docs/test-sessions/sign-001-field-clicked.png, docs/test-sessions/sign-001-typed-signature.png, docs/test-sessions/sign-001-field-signed.png",,,
SIGN-002,Signing,Decline signing,Recipient,"As a recipient, I can decline to sign so the sender knows I will not complete the document.","Decline dialog captures intent/reason, updates recipient/document state, and triggers the correct notification path.","/sign/:token","apps/web/src/components/documents/decline-dialog.tsx; apps/backend/convex/documents/workflow_mutations.ts","convex/documents/__tests__/recipients_mutations.test.ts",browser,retest_passed,2026-07-08T16:31:41Z,codex,closed,"Recipient decline updated recipient state but left the document workflowStatus as sent, so document-level declined surfaces and downstream document.declined consumers could miss the decline.","Pre-fix browser proof used document jn7dfmf4zx7s4npdgm0axhkpbn8a4c4r and token e2e-mrcabbaa65ymgrus. Consent accepted, decline reason submitted, and UI showed Declined, but Convex state returned recipient status declined with document workflowStatus sent. Screenshots: docs/test-sessions/sign-002-consent-gate-20260708.png, docs/test-sessions/sign-002-after-consent-click-20260708.png, docs/test-sessions/sign-002-decline-reason-filled-20260708.png, docs/test-sessions/sign-002-after-decline-submit-20260708.png.","apps/backend/convex/documents/recipients_mutations.ts; apps/backend/convex/documents/__tests__/recipients_mutations.test.ts","Retest used document jn7b3kq3j2s1d0y4kbkyx4xsah8a5sc6 and token e2e-mrcamopedh6p6v43 after deploying Convex dev functions to aware-buzzard-568. Browser flow accepted consent, submitted decline reason, UI showed Declined, console showed no app errors, and Convex state returned recipient status declined with document workflowStatus declined. Screenshots: docs/test-sessions/sign-002-retest-consent-gate-20260708.png, docs/test-sessions/sign-002-retest-document-view-20260708.png, docs/test-sessions/sign-002-retest-decline-dialog-20260708.png, docs/test-sessions/sign-002-retest-decline-reason-filled-20260708.png, docs/test-sessions/sign-002-retest-declined-final-20260708.png.","Dev proof only on aware-buzzard-568; no Vortex Payments package/API changes and no live money movement."
SIGN-003,Verification,Verify document authenticity,Verifier,"As a verifier, I can open a QR token or verification route to confirm the document and see a clear failure state when the token is invalid or expired.","The verification route resolves a valid token to document identity and signer metadata; invalid or expired tokens fail with a clear user-facing state instead of leaking document contents.","/verify/:qrToken","apps/web/src/routes/verify.$qrToken.tsx; apps/backend/convex/documents/verification.ts; apps/backend/convex/documents/download_tokens.ts","",browser,passed,2026-07-08T17:04:39Z,codex,none,"","Created signable document jn78893sgn77brg0jw1yppv8vx8a4hvv in dev Convex aware-buzzard-568, submitted a typed public signature, and polled state until workflowStatus completed with qrToken Nm9a0USMOU8zi80_fNq3-QOT. Opened /verify/Nm9a0USMOU8zi80_fNq3-QOT in fresh browser: page showed Document Verified, document name, completed date, signer count 1, signer name, signer role, signed date, and masked email s*****@seal.nyc. Opened /verify/not-a-real-token-sign-003 in fresh browser: page showed Verification Failed with generic invalid/no-longer-exists copy and no document details. Console/errors clean except Jam debug logs on valid page. Screenshots: docs/test-sessions/sign-003-valid-verified-20260708.png, docs/test-sessions/sign-003-invalid-token-visible-20260708.png","apps/backend/convex/test_e2e_helpers.ts","Retest not needed; no Seal product bug found.","Current verification QR tokens have no expiry field or expiry check in code; invalid/nonexistent token failure was tested. No Vortex Payments package/API changes and no live money movement."
TPL-001,Templates,Save as template,Document owner,"As a document owner, I can save a document as a template so I can reuse it.","Save-as-template creates a reusable template with field/recipient structure and exposes it in templates views.","/:slug/templates; document editor save template dialog","apps/web/src/routes/_authenticated/$slug/templates.tsx; apps/web/src/components/documents/save-as-template-dialog.tsx; apps/backend/convex/api/v1/templates.ts","apps/web/e2e/tests/templates.e2e.ts",browser,passed,2026-07-08T17:29:47Z,codex,none,"","Seeded draft source document jn7cyfzr57fkjcxrcsehq94gh18a58fp with one signer field kd7c95sb31b07cw4snkk4nbhjh8a5jat in dev Convex aware-buzzard-568 after seeding Pro subscription for seal-e2e. Browser opened the document editor, Save as Template was enabled, dialog accepted name TPL-001 saved template 2026-07-08 1309 and description, submit closed the dialog with toast Template saved with 1 field, and /seal-e2e/templates listed the template with description, created date, times used 0, and Use Template action. Direct Convex data proof returned template qd74e1fr0zax495959vzwmwhnd8a5t00 linked to sourceDocumentId and one template_fields row q97c1s0zcpyx0q2sfeqpt88yed8a5bex with fieldType signature, label Signature, page 1, required true, order 0. Screenshots: docs/test-sessions/tpl-001-sign-in-20260708.png, docs/test-sessions/tpl-001-dashboard-source-visible-20260708.png, docs/test-sessions/tpl-001-editor-save-button-20260708.png, docs/test-sessions/tpl-001-dialog-filled-20260708.png, docs/test-sessions/tpl-001-template-saved-toast-20260708.png, docs/test-sessions/tpl-001-template-visible-list-20260708.png",,,"Observed non-blocking editor toast Failed to load PDF on the seeded source document; signature field and template save/list contract still passed. No Vortex Payments package/API changes and no live money movement."
CONTACT-001,Contacts,Contact list,Workspace member,"As a workspace member, I can view contacts so I can reuse recipient information.","Contacts route lists org-scoped contacts with status and navigation to contact details.","/:slug/contacts","apps/web/src/routes/_authenticated/$slug/contacts/index.tsx; apps/backend/convex/contacts/queries.ts","convex/contacts/__tests__/queries.test.ts",browser,passed,2026-07-08T14:18:30Z,manager,none,"vb auth-002 open http://seal.localhost:1355/qa-auth-002/contacts; created two contacts; list rendered both rows with status badges and detail navigation; screenshots test-results/contacts-after-create-2.png and test-results/contacts-after-edit.png",,,,
CONTACT-002,Contacts,Create contact,Workspace member,"As a workspace member, I can create a contact so I can send documents faster.","Create contact dialog validates fields, persists contact data, and updates the contacts list.","/:slug/contacts create contact dialog","apps/web/src/components/contacts/create-contact-dialog.tsx; apps/backend/convex/contacts/mutations.ts","src/components/contacts/create-contact-dialog.test.tsx; convex/contacts/__tests__/mutations.test.ts",browser,passed,2026-07-08T14:18:30Z,manager,none,"vb auth-002 open http://seal.localhost:1355/qa-auth-002/contacts; created Alice Example and Bob Example from the add-contact dialog; list updated immediately; screenshots test-results/contact-create-dialog.png, test-results/contact-create-filled.png, test-results/contact-create-dialog-2.png, and test-results/contact-create-filled-2.png",,,,
CONTACT-003,Contacts,Edit and export contacts,Workspace member,"As a workspace member, I can edit or export contacts so contact data stays accurate and portable.","Edit flow updates existing contact records; export produces the expected contact export payload without leaking other org data.","/:slug/contacts; /:slug/contacts/:contactId","apps/web/src/components/contacts/edit-contact-dialog.tsx; apps/web/src/components/contacts/export-contacts.tsx","src/components/contacts/edit-contact-dialog.test.tsx; src/components/contacts/export-contacts.test.tsx",browser,passed,2026-07-08T14:18:30Z,manager,none,"vb auth-002 opened Bob Example detail, changed title to Finance Director, and exported the contact list; download verified at /Users/shlomokabareti/Downloads/contacts-export-2026-07-08.csv",,,,
PAY-001,Payments,Payments overview,Workspace admin,"As a workspace admin, I can view payment operations so I can monitor balances, payouts, history, disputes, tax docs, and subscriptions.","Payments routes render Vortex-owned operational surfaces and explicit replacement states without external-provider embeds.","/:slug/payments","apps/web/src/routes/_authenticated/$slug/payments.tsx; apps/web/src/components/payments/vortex-merchant-operational-surface.tsx","bun run prove:vortex-operational-payments-adoption",browser,passed,2026-07-08T17:35:36Z,codex,none,,"Browser session tpl-001 verified /seal-e2e/payments plus balances, payouts, history, disputes, tax, subscriptions all rendered Vortex Connect not ready replacement state; screenshots docs/test-sessions/pay-001-*-no-vortex-connect-20260708.png; no Stripe text; no payment/provider iframes; browser errors empty; Jam recorder iframe only; bun run prove:vortex-operational-payments-adoption passed.",,,"Connected-merchant operational data not exercised because E2E org has no ready Vortex merchant account; this pass proves the unconnected replacement state and no external-provider embed contract."
PAY-002,Payments,Merchant onboarding,Workspace admin,"As a workspace admin, I can connect payment capabilities so Seal can collect document payments.","Merchant onboarding reads/writes through Vortex merchant APIs, shows account status, and avoids direct external-provider credentials/imports.","/:slug/settings/payments","apps/web/src/routes/_authenticated/$slug/settings/payments.tsx; apps/backend/convex/payments/merchant_account_actions.ts; apps/backend/convex/payments/vortex_merchant_actions.ts","convex/payments/merchant_account_actions.test.ts; bun run prove:vortex-merchant-settings-adoption",browser,blocked,2026-07-08T17:41:20Z,codex,external_blocker,"Staging Vortex Connect page renders restricted merchant state, but Complete verification cannot produce an onboarding link because Vortex merchant onboarding service returns 409 merchant account is not in draft onboarding state.","Staging browser session pay-002 opened https://staging-app.seal.nyc/seal-e2e/settings/payments; page showed Vortex Connect restricted merchant, no Stripe text, no payment/provider iframes; screenshots docs/test-sessions/pay-002-staging-settings-payments-initial-20260708.png and docs/test-sessions/pay-002-staging-verification-instrumented-20260708.png; clicking Complete verification produced Convex request 3ec9318bb831a0e2 and Vortex requestId req_mrcd4a3r_e42dzgpz with non-retryable 409.",,,"Blocked at Vortex Payments boundary; do not patch Seal until Vortex clarifies whether restricted accounts should get hosted remediation links or Seal should suppress Complete verification outside draft onboarding."
BILL-001,Billing,Billing settings,Workspace admin,"As a workspace admin, I can manage subscription billing so the organization has the correct plan.","Billing settings render Vortex package components for subscription and plan UI, with plan limits reflected in feature gates.","/:slug/settings/billing","apps/web/src/routes/_authenticated/$slug/settings/billing.tsx; apps/backend/convex/payments/subscription_actions.ts","bun run prove:vortex-billing-settings-adoption; convex/payments/subscription_actions.test.ts",browser,blocked,2026-07-08T17:42:36Z,codex,external_blocker,"Staging billing route renders Vortex subscription and plan components, but Manage billing handoff fails because Vortex Billing portal returns 500 internal_error.","Staging browser session pay-002 opened https://staging-app.seal.nyc/seal-e2e/settings/billing; page rendered data-vortex-component VortexSubscriptionActionSummary and VortexPlanComparison, active Seal Pro E2E Test subscription, no Stripe text, no payment/provider iframes; screenshot docs/test-sessions/bill-001-staging-billing-settings-20260708.png. Clicking Vortex component Manage billing produced Convex request 2c32674910fd646b and Vortex Billing requestId 982171e9-c784-4c26-b01d-17506f9064b7 with 500 internal_error; screenshot docs/test-sessions/bill-001-staging-manage-billing-click-20260708.png.",,,"Blocked at Vortex Billing boundary; do not patch Seal until Vortex Billing portal session failure is resolved or expected Seal fallback behavior is specified."
TEAM-001,Team,Team members,Workspace admin,"As a workspace admin, I can invite and manage members so access is controlled.","Team settings list members/invites, allow role changes where permitted, and enforce permissions.","/:slug/settings/team","apps/web/src/routes/_authenticated/$slug/settings/team.tsx; apps/web/src/components/team; apps/backend/convex/organization_roles","convex/organization_roles/__tests__/helpers.test.ts; convex/api/v1/__tests__/members.test.ts",browser,not_started,,manager,none,,,,,
SET-001,Settings,Organization profile and branding,Workspace admin,"As a workspace admin, I can update organization settings and branding so documents match the business.","Settings persist org profile/branding values and reflect them in workspace/document surfaces.","/:slug/settings; /:slug/settings/branding","apps/web/src/routes/_authenticated/$slug/settings/index.tsx; apps/web/src/routes/_authenticated/$slug/settings/branding.tsx; apps/backend/convex/organizations","convex/organizations/__tests__/branding.test.ts; convex/organizations/__tests__/settings.test.ts",browser,not_started,,manager,none,,,,,
SET-002,Settings,Security and signing settings,Workspace admin,"As a workspace admin, I can configure security/signing options so workflows meet policy.","Security/signing settings persist org-scoped policy and are enforced by document/signing flows.","/:slug/settings/security; /:slug/settings/signing","apps/web/src/routes/_authenticated/$slug/settings/security.tsx; apps/web/src/routes/_authenticated/$slug/settings/signing.tsx","",browser,not_started,,manager,none,,,,,
DEV-001,Developer,API keys,Developer/admin,"As a developer, I can create and manage API keys so integrations can access Seal securely.","API key UI and backend create/list/revoke keys, enforce auth, and avoid exposing raw secrets after creation.","/:slug/settings/developer/api-keys","apps/web/src/routes/_authenticated/$slug/settings/developer/api-keys.tsx; apps/backend/convex/api_keys","convex/api/__tests__/api_rate_limiter.test.ts",browser,not_started,,manager,none,,,,,
DEV-002,Developer,Webhooks,Developer/admin,"As a developer, I can configure webhooks so external systems receive Seal events.","Webhook settings create/update endpoints, validate delivery configuration, and expose delivery/audit state.","/:slug/settings/developer/webhooks","apps/web/src/routes/_authenticated/$slug/settings/developer/webhooks.tsx; apps/backend/convex/api/v1/webhooks.ts; apps/backend/convex/webhooks","convex/webhooks/__tests__/delivery.test.ts; convex/webhooks/__tests__/publish.test.ts",browser,not_started,,manager,none,,,,,
AI-001,AI,AI field suggestions,Document owner,"As a document owner, I can use AI suggestions to prepare documents faster.","AI analysis extracts likely fields/payment terms, shows progress and suggestions, and lets the user apply or ignore them.","Document editor AI panel","apps/web/src/components/documents/ai-chat-panel.tsx; apps/web/src/components/documents/ai-field-suggestions.tsx; apps/backend/convex/ai","convex/ai/mutations.test.ts; convex/ai/pipeline_mutations.test.ts; convex/ai/tools/extract_payment_terms.test.ts",browser,not_started,,manager,none,,,,,
NOTIF-001,Notifications,Notification center,Workspace member,"As a workspace member, I can view notifications so I can act on document events.","Notifications popover lists unread/read notifications, supports state changes, and links to relevant work.","App shell notifications popover","apps/web/src/components/notifications/notifications-popover.tsx; apps/backend/convex/notifications","src/components/notifications/notifications-popover.test.tsx; convex/notifications/__tests__/mutations.test.ts",browser,not_started,,manager,none,,,,,
ANALYTICS-001,Analytics,Analytics dashboard,Workspace admin,"As a workspace admin, I can view analytics so I understand document workflow performance.","Analytics route displays org-scoped metrics and loading/error states without cross-org leakage.","/:slug/analytics","apps/web/src/routes/_authenticated/$slug/analytics.tsx; apps/backend/convex/dashboard/analytics_queries.ts","convex/dashboard/__tests__/analytics_queries.test.ts",browser,not_started,,manager,none,,,,,
API-001,Public API,API v1 documents and contacts,Developer,"As a developer, I can use API v1 endpoints to manage documents and contacts programmatically.","API endpoints authenticate requests, validate inputs, enforce org access, return stable errors, and implement rate/IP limits.","/api/v1/*","apps/backend/convex/api/v1; apps/backend/convex/api","convex/api/v1/__tests__; convex/api/__tests__",api,not_started,,manager,none,,,,,
EMAIL-001,Transactional emails,Document lifecycle emails,Sender/recipient,"As a sender or recipient, I receive the right email at each document lifecycle step.","Invitation, viewed, reminder, completed, expired, shared, transfer, and team invitation emails render expected content and are sent from the correct workflow actions.","Email actions and packages/transactional templates","packages/transactional/src/emails; apps/backend/convex/documents/email.ts; apps/backend/convex/emails/resend_component.ts","convex/emails/__tests__/resend_component.test.ts; convex/workflows/__tests__/document_completion_steps.test.ts",email,not_started,,manager,none,,,,,
LANDING-001,Marketing,Landing and pricing pages,Visitor,"As a visitor, I can understand Seal and pricing before signing up.","Landing/pricing/docs pages render correctly, include navigation/SEO metadata, and route visitors to the app actions.","/; /pricing; /docs; /developer; /compare; /integrations","apps/landing/src/routes; apps/landing/src/components","",browser,not_started,,manager,none,,,,,
SDK-001,React SDK,Signing embed,Developer,"As an integrator, I can embed Seal signing in my app.","React SDK embed validates message origins, emits typed events, and supports ready/viewed/signed/declined/error callbacks.","packages/react-sdk","packages/react-sdk/src/SealSigningEmbed.tsx; packages/react-sdk/src/types.ts","",unit,not_started,,manager,none,,,,,
DOC-007,Documents,Document list and folder navigation,Workspace member,"As a workspace member, I can browse documents, search and sort them, and switch between list and grid views so I can find the right file quickly.","The documents index respects current filter state, keeps list sorting stable, renders table and card layouts, handles loading/empty/error states, and preserves folder-scoped navigation.","/:slug/documents; /:slug/documents?folderId=...","apps/web/src/routes/_authenticated/$slug/documents/index.tsx; apps/backend/convex/documents/queries.ts; apps/web/src/components/documents/document-thumbnail.tsx; apps/web/src/components/documents/workflow-status-badge.tsx","src/components/documents/workflow-status-badge.test.tsx",browser,not_started,,manager,none,,,,,
DOC-008,Documents,Move document to folder,Document owner,"As a document owner, I can move documents between folders so workspace files stay organized.","Move-to-folder dialog creates/selects org-scoped folders, updates document folder assignment, and refreshes breadcrumbs/list state.","Document list/editor folder controls","apps/web/src/components/folders/move-to-folder-dialog.tsx; apps/web/src/components/folders/create-folder-dialog.tsx; apps/web/src/components/folders/folder-breadcrumbs.tsx; apps/backend/convex/folders","convex/folders/__tests__/folders.test.ts",browser,not_started,,manager,none,,,,,
DOC-009,Documents,Share document,Document owner,"As a document owner, I can share a document so another person can access it.","Share flow creates access records or share links, sends the right shared email, and enforces document access permissions.","Document editor share dialog","apps/web/src/components/documents/share-document-dialog.tsx; apps/backend/convex/documents/sharing.ts; packages/transactional/src/emails/document-shared.tsx","convex/documents/sharing.test.ts",browser,not_started,,manager,none,,,,,
DOC-010,Documents,Transfer ownership,Document owner,"As a document owner, I can transfer ownership so another workspace member becomes responsible for the document.","Transfer dialog validates target member, updates ownership, sends ownership email, and preserves audit/activity history.","Document editor transfer ownership dialog","apps/web/src/components/documents/transfer-ownership-dialog.tsx; apps/backend/convex/documents/ownership_transfer_action.ts; packages/transactional/src/emails/ownership-transferred.tsx","",browser,not_started,,manager,none,,,,,
DOC-011,Documents,Automated reminders,Document owner,"As a document owner, I can rely on reminders so recipients complete documents on time.","Reminder jobs/actions send reminder emails only when eligible and avoid duplicate or terminal-state reminders.","Reminder settings/actions","apps/backend/convex/documents/automated_reminders.ts; apps/backend/convex/documents/reminder_email_action.ts; packages/transactional/src/emails/document-reminder.tsx","convex/documents/__tests__/automated_reminders.test.ts",integration,not_started,,manager,none,,,,,
DOC-012,Documents,Expiration handling,Document owner,"As a document owner, I can set or rely on expiration so stale documents stop being actionable.","Expiration sweep/alerts transition expired recipients/documents, send expiration emails, and keep active recipients unaffected.","Expiration cron/actions; signing expired page","apps/backend/convex/documents/expiration_sweep.ts; apps/backend/convex/documents/expiration_alerts.ts; apps/web/src/components/signing/document-expired-page.tsx; packages/transactional/src/emails/document-expired.tsx","convex/documents/__tests__/expiration_sweep.test.ts; convex/documents/__tests__/expiration_alerts.test.ts; convex/documents/__tests__/expiration_resend.test.ts",integration,not_started,,manager,none,,,,,
DOC-013,Documents,Document audit activity,Document owner,"As a document owner, I can see document activity so I understand what happened and when.","Activity queries and UI show ordered workflow events without leaking other organizations' data.","Document activity/sidebar","apps/web/src/lib/document-activity.ts; apps/backend/convex/documents/activity_queries.ts; apps/backend/convex/audit_logs","src/lib/document-activity.test.ts; convex/audit_logs/__tests__/helpers.test.ts",browser,not_started,,manager,none,,,,,
DOC-014,Documents,Edit document metadata and lifecycle,Document owner,"As a document owner, I can rename a document, cancel it, or delete it from list or detail views so I can correct mistakes or stop an unwanted send.","Document edits persist cleanly, cancellation blocks completed documents and clears pending reminders, and delete actions require explicit confirmation.","/:slug/documents/:documentId; /:slug/documents","apps/web/src/routes/_authenticated/$slug/documents/$documentId.tsx; apps/web/src/routes/_authenticated/$slug/documents/index.tsx; apps/backend/convex/documents/mutations.ts; apps/backend/convex/documents/workflow_mutations.ts; apps/backend/convex/documents/queries.ts","convex/documents/__tests__/workflow_mutations.test.ts; convex/documents/__tests__/workflow_helpers.test.ts; convex/documents/__tests__/expiration_resend.test.ts",browser,not_started,,manager,none,,,,,
RECIP-001,Recipients,Recipient management,Document owner,"As a document owner, I can edit recipients, regenerate signing tokens, copy signing links, resend invitations, or add myself so the recipient list stays correct before send.","Recipient updates validate email and role changes, preserve field assignments and ordering, and keep signing token state aligned with the email workflow.","Document editor recipient actions; /:slug/documents/:documentId","apps/web/src/components/documents/add-recipient-dialog.tsx; apps/web/src/components/documents/recipient-options-dialog.tsx; apps/web/src/components/documents/add-myself-dialog.tsx; apps/web/src/components/documents/remove-recipient-dialog.tsx; apps/backend/convex/documents/recipients_mutations.ts; apps/backend/convex/documents/recipients_queries.ts; apps/backend/convex/documents/recipient_email_action.ts","convex/documents/__tests__/recipients_mutations.test.ts; convex/documents/__tests__/recipient_helpers.test.ts; apps/web/src/components/documents/add-recipient-dialog.test.tsx",browser,not_started,,manager,none,,,,,
SIGN-004,Signing,E-sign consent gate,Recipient,"As a recipient, I must accept or decline the e-sign consent screen before I can continue the signing flow.","The consent dialog blocks signing until accepted, records consent or opt-out, and preserves a valid path to complete or abandon the session without signing.","/sign/:token","apps/web/src/components/documents/esign-consent-dialog.tsx; apps/backend/convex/documents/recipients_mutations.ts; apps/web/src/routes/sign.$token.tsx","apps/web/src/components/documents/esign-consent-dialog.test.tsx; convex/documents/__tests__/workflow_helpers.test.ts",browser,not_started,,manager,none,,,,,
SIGN-005,Signing,Dictate next signer,Recipient,"As a recipient on a sequential document, I can name the next signer when dictation is enabled so the workflow can continue without the sender restarting it.","Dictation only appears when the sender allowed it, captures the next recipient email, and advances the signing chain without breaking order enforcement.","/sign/:token","apps/web/src/components/signing/dictate-next-signer-dialog.tsx; apps/backend/convex/documents/recipients_mutations.ts; apps/web/src/routes/sign.$token.tsx; apps/web/src/components/documents/send-document-dialog.tsx","convex/documents/__tests__/signing_order_helpers.test.ts; convex/documents/__tests__/workflow_helpers.test.ts",browser,not_started,,manager,none,,,,,
TPL-002,Templates,Use template,Document owner,"As a document owner, I can start a new draft from a saved template so I can reuse common document structures without rebuilding them.","The template list exposes reusable drafts, template details preserve recipient and field structure, and starting from a template yields a fresh editable document copy.","/:slug/templates; document editor save-as-template flow","apps/web/src/routes/_authenticated/$slug/templates.tsx; apps/web/src/components/documents/save-as-template-dialog.tsx; apps/backend/convex/templates/mutations.ts; apps/backend/convex/templates/queries.ts; apps/backend/convex/api/v1/templates.ts","",browser,not_started,,manager,none,,,,,
FOL-001,Folders,Create and move folders,Workspace member,"As a workspace member, I can create folders, open breadcrumb trails, and move documents or templates into a folder so I can organize work by client or project.","Folder creation validates names and parent scope, breadcrumbs move up/down the tree, and move dialogs prevent circular folder moves or invalid destinations.","/:slug/documents; /:slug/templates","apps/web/src/components/folders/create-folder-dialog.tsx; apps/web/src/components/folders/folder-breadcrumbs.tsx; apps/web/src/components/folders/move-to-folder-dialog.tsx; apps/backend/convex/folders/mutations.ts; apps/backend/convex/folders/queries.ts","convex/folders/__tests__/folders.test.ts",browser,not_started,,manager,none,,,,,
SHR-001,Sharing,Configure document sharing,Workspace admin,"As a document owner, I can switch between private, workspace, and specific-member sharing, grant or revoke access, and change permission levels so only the right people can open the document.","The share dialog enforces plan and permission rules, updates sharing mode, and keeps the member access list in sync with notifications and audit events.","/:slug/documents; document share dialog","apps/web/src/components/documents/share-document-dialog.tsx; apps/backend/convex/documents/sharing.ts; apps/backend/convex/documents/document_shared_action.ts; packages/transactional/src/emails/document-shared.tsx; apps/web/src/routes/_authenticated/$slug/documents/index.tsx","convex/documents/sharing.test.ts; convex/api/v1/__tests__/document_access.test.ts",browser,not_started,,manager,none,,,,,
OWN-001,Ownership,Transfer document ownership,Workspace admin,"As a document owner, I can transfer a document to another active workspace member so the account has a clear current owner.","Ownership transfer only allows eligible members, updates the owner atomically, and sends the new owner a notification or email with the right document context.","/:slug/documents; transfer ownership dialog","apps/web/src/components/documents/transfer-ownership-dialog.tsx; apps/backend/convex/documents/mutations.ts; apps/backend/convex/documents/sharing.ts; apps/backend/convex/documents/ownership_transfer_action.ts; packages/transactional/src/emails/ownership-transferred.tsx","",browser,not_started,,manager,none,,,,,
REM-001,Reminders,Schedule and manage reminders,Document owner,"As a document owner, I can send manual reminders, schedule automated reminders, and cancel pending reminders so recipients are nudged at the right time.","Reminder actions reject completed recipients, schedule at the right delay, cancel pending jobs cleanly, and expose reminder history and stats for the document.","Document sidebar; send document dialog","apps/backend/convex/documents/reminders.ts; apps/backend/convex/documents/reminders_queries.ts; apps/backend/convex/documents/reminder_email_action.ts; apps/backend/convex/documents/workflow_mutations.ts; apps/web/src/components/documents/document-sidebar.tsx; apps/web/src/components/documents/send-document-dialog.tsx","convex/documents/__tests__/automated_reminders.test.ts; convex/documents/__tests__/workflow_mutations.test.ts",browser,not_started,,manager,none,,,,,
EXP-001,Expiration,Configure and reactivate expired documents,Document owner,"As a document owner, I can set a signing deadline, see documents and recipients expire when the deadline passes, and resend an expired packet to restart signing.","The send flow accepts an expiration period, the sweep marks overdue recipients/documents as expired, and resending an expired packet resets the right state without reviving already completed recipients.","/sign/:token; send document dialog","apps/web/src/components/documents/send-document-dialog.tsx; apps/backend/convex/documents/expiration_sweep.ts; apps/backend/convex/documents/expiration_alerts.ts; apps/backend/convex/documents/send_document_action.ts; apps/web/src/components/signing/document-expired-page.tsx","convex/documents/__tests__/expiration_sweep.test.ts; convex/documents/__tests__/expiration_alerts.test.ts; convex/documents/__tests__/expiration_resend.test.ts",browser,not_started,,manager,none,,,,,
PROFILE-001,Profile,Profile overview and bio,Signed-in user,"As a signed-in user, I can view my account details and edit my bio so teammates can recognize me.","The profile settings page shows my authenticated name/email, loads my stored bio, enforces the 500-character limit, saves changes through Convex, and persists the bio across reloads.","/:slug/settings/profile","apps/web/src/routes/_authenticated/$slug/settings/profile/index.tsx; apps/web/src/hooks/use-current-user.ts; apps/backend/convex/user_profiles/queries.ts; apps/backend/convex/user_profiles/mutations.ts","",browser,not_started,,manager,none,,,,,
PROFILE-002,Profile,Notification preferences,Signed-in user,"As a signed-in user, I can manage my notification preferences so I get document updates in the channels I want.","The notification settings page lets me toggle email, in-app, and desktop notifications, keeps email sub-options in sync with the master toggle, requests browser permission before enabling desktop alerts, and persists frequency/preferences.","/:slug/settings/profile/notifications","apps/web/src/routes/_authenticated/$slug/settings/profile/notifications.tsx; apps/backend/convex/user_profiles/queries.ts; apps/backend/convex/user_profiles/mutations.ts; apps/backend/convex/schemas/user_profiles.ts","",browser,not_started,,manager,none,,,,,
PROFILE-003,Profile,Profile security,Authenticated user,"As an authenticated user, I can manage security settings so account access stays controlled.","Security page exposes available account security controls and handles unsupported states gracefully.","/:slug/settings/profile/security","apps/web/src/routes/_authenticated/$slug/settings/profile/security.tsx; apps/web/src/lib/auth-runtime.better-auth.tsx","",browser,not_started,,manager,none,,,,,
PROFILE-004,Profile,Profile usage,Authenticated user,"As an authenticated user, I can view usage so I know my plan limits and consumption.","Usage page shows plan/limit data and routes to billing where needed.","/:slug/settings/profile/usage","apps/web/src/routes/_authenticated/$slug/settings/profile/usage.tsx; apps/web/src/hooks/use-subscription-limits.ts","src/hooks/use-subscription-limits.test.ts",browser,not_started,,manager,none,,,,,
PROFILE-005,Profile,Connected apps and integrations,Signed-in user,"As a signed-in user, I can review and disconnect connected apps so I can revoke third-party access when needed.","The integrations page lists connected apps and recent integration activity; disconnecting an app revokes access and records the action in activity history.","/:slug/settings/profile/integrations","apps/web/src/routes/_authenticated/$slug/settings/profile/integrations.tsx; apps/backend/convex/api_keys/queries.ts; apps/backend/convex/api_keys/mutations.ts","",browser,not_started,,manager,none,,,,,
SET-003,Settings,Audit log,Workspace admin,"As a workspace admin, I can filter and export the organization audit log so I can review what happened and when.","Audit log page is admin-only, supports date/action/user filters, expands rows for event details, exports filtered results to CSV, and does not leak cross-org events.","/:slug/settings/audit-log","apps/web/src/routes/_authenticated/$slug/settings/audit-log.tsx; apps/backend/convex/audit_logs/queries.ts; apps/backend/convex/auth.utils.ts; apps/backend/convex/api/v1/audit.ts","convex/audit_logs/__tests__/helpers.test.ts; convex/api/v1/__tests__/audit.test.ts",browser,not_started,,manager,none,,,,,
SET-004,Settings,AI settings,Workspace admin,"As a workspace admin, I can configure AI behavior so document automation follows policy.","AI settings page persists org-scoped controls and AI features respect the configured state.","/:slug/settings/ai","apps/web/src/routes/_authenticated/$slug/settings/ai.tsx; apps/backend/convex/ai","convex/ai/usage.test.ts",browser,not_started,,manager,none,,,,,
SET-005,Settings,Organization notifications,Workspace admin,"As a workspace admin, I can configure reminder and completion/viewed notification rules so the organization delivery policy matches our process.","The organization notifications page persists reminder cadence, expiration alert lead time, completion emails, and viewed notifications; validation rejects invalid schedules and out-of-range alert days; downstream reminder and expiration jobs use stored settings.","/:slug/settings/notifications","apps/web/src/routes/_authenticated/$slug/settings/notifications.tsx; apps/backend/convex/organizations/mutations.ts; apps/backend/convex/organizations/queries.ts; apps/backend/convex/documents/automated_reminders.ts; apps/backend/convex/documents/expiration_alerts.ts; apps/backend/convex/documents/viewed_notification_action.ts","convex/organizations/__tests__/settings.test.ts; convex/documents/__tests__/automated_reminders.test.ts; convex/documents/__tests__/expiration_alerts.test.ts",browser,not_started,,manager,none,,,,,
TEAM-002,Team,Member detail and role changes,Workspace admin,"As a workspace admin, I can inspect a member and change their role so permissions stay correct.","Member detail route loads selected member, supports role updates where allowed, blocks invalid/self-destructive changes, and navigates back cleanly.","/:slug/settings/team/:memberId","apps/web/src/routes/_authenticated/$slug/settings/team/$memberId.tsx; apps/web/src/components/team/role-selector.tsx; apps/backend/convex/organization_roles/mutations.ts","convex/organization_roles/__tests__/helpers.test.ts",browser,not_started,,manager,none,,,,,
PAY-003,Payments,Merchant balances,Workspace admin,"As a workspace admin, I can inspect derived balances so I know what is available for payout.","Balances page shows Vortex-derived settlement ledger, loading/error/empty states, and never pretends to be a direct provider balance.","/:slug/payments/balances","apps/web/src/routes/_authenticated/$slug/payments/balances.tsx; apps/web/src/components/payments/vortex-merchant-operational-surface.tsx; apps/backend/convex/payments/vortex_merchant_actions.ts","bun run prove:vortex-operational-payments-adoption",browser,not_started,,manager,none,,,,,"Use staging per .test-env for payment verification."
PAY-004,Payments,Payout readiness,Workspace admin,"As a workspace admin, I can see payout readiness and required actions so I know whether money can be sent out.","Payouts page shows payout profile, latest settlement and payout snapshots, and the action queue until the merchant account is ready.","/:slug/payments/payouts","apps/web/src/routes/_authenticated/$slug/payments/payouts.tsx; apps/web/src/components/payments/vortex-merchant-operational-surface.tsx; apps/backend/convex/payments/vortex_merchant_actions.ts","bun run prove:vortex-operational-payments-adoption",browser,not_started,,manager,none,,,,,"Use staging per .test-env for payment verification."
PAY-005,Payments,Payment history timeline,Workspace admin,"As a workspace admin, I can review the merchant payment event history so I can trace receipts, refunds, and invoice activity.","History page renders a Vortex-owned payment timeline summary with no embedded provider console.","/:slug/payments/history","apps/web/src/routes/_authenticated/$slug/payments/history.tsx; apps/web/src/components/payments/vortex-merchant-operational-surface.tsx; apps/backend/convex/payments/vortex_merchant_actions.ts","bun run prove:vortex-operational-payments-adoption",browser,not_started,,manager,none,,,,,"Use staging per .test-env for payment verification."
PAY-006,Payments,Disputes and tax documents,Workspace admin,"As a workspace admin, I can reach dispute and tax-document surfaces so I know when Vortex owns those workflows.","Disputes and tax pages render explicit Vortex replacement states instead of retired provider consoles.","/:slug/payments/disputes; /:slug/payments/tax","apps/web/src/routes/_authenticated/$slug/payments/disputes.tsx; apps/web/src/routes/_authenticated/$slug/payments/tax.tsx; apps/web/src/components/payments/vortex-merchant-operational-surface.tsx","bun run prove:vortex-operational-payments-adoption",browser,not_started,,manager,none,,,,,"Use staging per .test-env for payment verification."
PAY-007,Payments,Recurring document subscriptions,Workspace admin,"As a workspace admin, I can list and manage recurring document subscriptions so I can pause, resume, or cancel payment collection on active agreements.","Subscriptions page lists active recurring configs, shows status, and routes lifecycle actions through Vortex Billing-owned actions.","/:slug/payments/subscriptions","apps/web/src/routes/_authenticated/$slug/payments/subscriptions.tsx; apps/backend/convex/payments/queries.ts; apps/backend/convex/payments/subscription_actions.ts","apps/backend/convex/payments/subscription_actions.test.ts; bun run prove:vortex-operational-payments-adoption; bun run prove:vortex-payments-settings-adoption",browser,not_started,,manager,none,,,,,"Use staging per .test-env for subscription verification."
BILL-002,Billing,Subscription checkout and billing portal,Workspace admin,"As a workspace admin, I can upgrade or manage my SaaS subscription so the workspace stays on the correct plan.","Billing settings render current subscription, plan comparison, checkout launch, and billing portal access through Vortex components.","/:slug/settings/billing","apps/web/src/routes/_authenticated/$slug/settings/billing.tsx; apps/backend/convex/payments/billing_queries.ts; apps/backend/convex/payments/subscription_actions.ts","apps/backend/convex/payments/subscription_actions.test.ts; scripts/prove-seal-saas-checkout-vortex.ts; scripts/prove-seal-saas-webhook-billing-state.ts",browser,not_started,,manager,none,,,,,"Use staging per .test-env for subscription verification."
PAY-008,Payments,Merchant onboarding readiness,Workspace admin,"As a workspace admin, I can create or refresh a Vortex merchant account and complete verification so document payments can be collected.","Payments settings shows connected and not-connected states, onboarding link, verification-required state, refresh, and fee handling choices.","/:slug/settings/payments","apps/web/src/routes/_authenticated/$slug/settings/payments.tsx; apps/backend/convex/payments/merchant_account_queries.ts; apps/backend/convex/payments/merchant_account_actions.ts; apps/backend/convex/payments/merchant_account_mutations.ts","apps/backend/convex/payments/merchant_account_actions.test.ts; bun run prove:vortex-merchant-settings-adoption; bun run prove:vortex-payments-settings-adoption; bun run prove:seal-vortex-onboarding-wiring",browser,not_started,,manager,none,,,,,"Use staging per .test-env for Vortex Connect verification."
DOCPAY-001,Document payments,Hosted payment handoff during signing,Recipient/payer,"As a signer, I can open the hosted payment link from the signing flow so payment is collected before the document completes.","Payment summary shows status and totals, opens the hosted Vortex invoice URL when payable, and does not mount an in-app card-entry provider.","/sign/:token","apps/web/src/routes/sign.$token.tsx; apps/web/src/components/documents/field-inputs/payment-field-summary.tsx; apps/backend/convex/payment_fields/mutations.ts; apps/backend/convex/vortex_billing/payable_actions.ts","apps/web/src/components/documents/field-inputs/payment-field-summary.test.tsx; apps/backend/convex/payment_fields/__tests__/document_invoices_sync.test.ts; apps/backend/convex/payment_fields/__tests__/recurring_invoice_sync.test.ts; apps/backend/convex/payment_fields/__tests__/dunning.test.ts; bun run prove:seal-document-payment-vortex-local; bun run prove:seal-document-payment-vortex-live; bun run prove:seal-document-payment-vortex-paid-state",browser,not_started,,manager,none,,,,,"Sandbox settlement proof still pending; production proof pending Finix prod config."
DOCPAY-002,Document payments,Hosted document payment outcome,Recipient/payer,"As a document payer, I can complete or fail a hosted Vortex payment and Seal reflects the outcome.","Paid hosted events mark document payment paid and complete waiting document state; failed events mark uncollectible/start dunning; stale/duplicate events are handled idempotently.","Hosted Vortex payment URL; Vortex webhook to Seal","apps/backend/convex/vortex_billing/__tests__/webhook_projection.test.ts; apps/backend/convex/vortex_billing/payable_actions.ts; apps/backend/convex/payment_fields/dunning.ts","bun run audit:seal-vortex-hosted-outcomes-boundary; bun run prove:seal-document-payment-vortex-local",proof,not_started,,manager,none,,,,,"Sandbox settlement proof still pending; production proof pending Finix prod config."
DUN-001,Document payments,Payment failure recovery,Workspace admin/recipient,"As an operator, I can see failed document payments enter dunning so recovery emails and state sync keep invoices accurate.","Failed or uncollectible invoices start dunning, schedule reminder steps, and cancel or complete dunning when payment recovers or is resolved.","Payment failure handling; dunning cron","apps/backend/convex/payment_fields/dunning.ts; apps/backend/convex/payment_fields/dunning_email_action.ts; apps/backend/convex/payment_fields/mutations.ts; apps/backend/convex/schemas/document_invoices.ts","apps/backend/convex/payment_fields/__tests__/dunning.test.ts; scripts/audit-seal-vortex-hosted-outcomes-boundary.ts; scripts/prove-seal-vortex-migration-local.ts",proof,not_started,,manager,none,,,,,
CONTACT-004,Contacts,Contact detail and related documents,Workspace member,"As a workspace member, I can open a contact and see the documents tied to that email so I can work from context.","Detail page shows contact metadata, edit and delete actions, and related signed documents linked by recipient email within the org.","/:slug/contacts/:contactId","apps/web/src/routes/_authenticated/$slug/contacts/$contactId.tsx; apps/backend/convex/contacts/queries.ts; apps/backend/convex/contacts/mutations.ts","apps/backend/convex/contacts/__tests__/queries.test.ts; apps/backend/convex/contacts/__tests__/mutations.test.ts; apps/web/src/components/contacts/edit-contact-dialog.test.tsx",browser,passed,2026-07-08T14:18:30Z,manager,none,"vb auth-002 opened Bob Example detail and verified metadata, edit/delete actions, and the empty related-documents state with no matching documents in this workspace; screenshot test-results/contact-detail-bob.png",,,,
CONTACT-005,Contacts,Bulk delete contacts,Workspace member,"As a workspace member, I can bulk delete contacts so I can clean up the CRM faster.","Contacts list supports multi-select, bulk delete confirmation, and reports per-contact success or failure without deleting outside the org.","/:slug/contacts","apps/web/src/routes/_authenticated/$slug/contacts/index.tsx; apps/backend/convex/contacts/mutations.ts","apps/backend/convex/contacts/__tests__/mutations.test.ts",browser,passed,2026-07-08T14:18:30Z,manager,none,"vb auth-002 selected both contacts, confirmed bulk delete, and the list returned to the empty state; screenshot test-results/contact-bulk-delete-confirm.png and test-results/contact-bulk-delete-result.png",,,,
NOTIF-002,Notifications,Organization notification settings,Workspace admin,"As a workspace admin, I can tune reminder and document-event notification policy so the workspace sends the right outbound emails.","Organization settings persist reminder schedule, expiration alerts, completion emails, and viewed notifications.","/:slug/settings/notifications","apps/web/src/routes/_authenticated/$slug/settings/notifications.tsx; apps/backend/convex/organizations/queries.ts; apps/backend/convex/organizations/mutations.ts","apps/backend/convex/organizations/__tests__/settings.test.ts",browser,not_started,,manager,none,,,,,
NOTIF-003,Notifications,Personal notification preferences,Workspace member,"As a workspace member, I can choose how I receive notifications so my own inbox and in-app noise match my preference.","Profile settings persist email, in-app, desktop, and frequency preferences, and the notification center respects read and unread state.","/:slug/settings/profile/notifications; app shell notification popover","apps/web/src/routes/_authenticated/$slug/settings/profile/notifications.tsx; apps/web/src/components/notifications/notifications-popover.tsx; apps/backend/convex/user_profiles/mutations.ts; apps/backend/convex/notifications/index.ts","apps/web/src/components/notifications/notifications-popover.test.tsx; apps/backend/convex/notifications/__tests__/mutations.test.ts",browser,not_started,,manager,none,,,,,
AI-002,AI,AI settings toggles,Workspace admin,"As a workspace admin, I can enable or disable AI behavior so document analysis and redlines match policy.","AI settings persist org-wide controls for AI enablement, auto-analysis, and signer-visible redlines.","/:slug/settings/ai","apps/web/src/routes/_authenticated/$slug/settings/ai.tsx; apps/backend/convex/organizations/queries.ts; apps/backend/convex/organizations/mutations.ts; apps/backend/convex/ai/pipeline.ts; apps/web/src/components/documents/ai-chat-panel.tsx","apps/backend/convex/organizations/__tests__/settings.test.ts; apps/backend/convex/ai/mutations.test.ts; apps/backend/convex/ai/pipeline_mutations.test.ts",browser,not_started,,manager,none,,,,,
ANALYTICS-002,Analytics,Advanced analytics drilldowns and export,Workspace admin,"As a workspace admin, I can drill into analytics by time range, team scope, export data, and member activity so I can understand workflow performance.","Analytics page supports custom date ranges, scope switching, tabs for email engagement, timing, templates, and members, plus org-safe export data.","/:slug/analytics","apps/web/src/routes/_authenticated/$slug/analytics.tsx; apps/backend/convex/dashboard/queries.ts; apps/backend/convex/dashboard/analytics_queries.ts; apps/web/src/components/dashboard/export-data-dialog.tsx","apps/backend/convex/dashboard/__tests__/analytics_queries.test.ts",browser,not_started,,manager,none,,,,,
OPS-001,Operations,Production readiness and proof boundary,Operator,"As an operator, I can run readiness and proof scripts so production document-payment money movement only expands after the configured boundary passes.","Readiness checks validate Seal and Vortex env shape, proof scripts verify checkout, hosted payment, settlement, and retirement boundaries, and live money proof stays explicit.","scripts/audit-seal-vortex-production-readiness.ts; scripts/audit-seal-vortex-production-proof-boundary.ts; scripts/prove-seal-vortex-production-proof-boundary.ts; scripts/prove-seal-document-payment-vortex-live.ts; scripts/prove-seal-document-payment-vortex-paid-state.ts","scripts/audit-seal-vortex-production-readiness.ts; scripts/audit-seal-vortex-production-proof-boundary.ts; scripts/prove-seal-vortex-production-proof-boundary.ts; scripts/prove-seal-document-payment-vortex-live.ts; scripts/prove-seal-document-payment-vortex-paid-state.ts; apps/backend/convex/vortex_billing/proof_actions.ts","",proof,not_started,,manager,none,,,,,"Do not widen routing until the proof boundary passes."
API-002,Public API,"Workspace/account, members, settings, analytics, and audit",Developer,"As a developer, I can read workspace metadata, membership, configuration, analytics, and audit history through the API.","Requests are authenticated and org-scoped, return stable shapes and errors, and support filtering or pagination where the module exposes it.","/api/v1/account; /api/v1/members; /api/v1/settings; /api/v1/analytics; /api/v1/audit","apps/backend/convex/api/v1/account.ts; apps/backend/convex/api/v1/members.ts; apps/backend/convex/api/v1/settings.ts; apps/backend/convex/api/v1/analytics.ts; apps/backend/convex/api/v1/audit.ts; apps/backend/convex/api/v1/index.ts","convex/api/v1/__tests__/analytics.test.ts; convex/api/v1/__tests__/audit.test.ts; convex/api/v1/__tests__/members.test.ts; convex/api/v1/__tests__/settings.test.ts",api,not_started,,manager,none,,,,,
API-003,Public API,Document workflow resources,Developer,"As a developer, I can create, inspect, and sign workflow resources through the API.","Document, recipient, and signature endpoints stay org-scoped, surface signing URLs only when valid, and preserve workflow state and audit fields.","/api/v1/documents; /api/v1/recipients; /api/v1/signatures","apps/backend/convex/api/v1/documents.ts; apps/backend/convex/api/v1/recipients.ts; apps/backend/convex/api/v1/signatures.ts; apps/backend/convex/api/v1/index.ts","convex/api/v1/__tests__/document_access.test.ts; convex/documents/__tests__/workflow_helpers.test.ts; convex/documents/__tests__/recipients_mutations.test.ts; convex/signatures/__tests__/helpers.test.ts",api,not_started,,manager,none,,,,,
API-004,Public API,"Templates, uploads, and webhooks",Developer,"As a developer, I can manage reusable templates, generate upload URLs, and configure webhooks through the API.","Template, upload, and webhook endpoints validate inputs, honor org access, and return typed responses with delivery or configuration state.","/api/v1/templates; /api/v1/uploads; /api/v1/webhooks","apps/backend/convex/api/v1/templates.ts; apps/backend/convex/api/v1/uploads.ts; apps/backend/convex/api/v1/webhooks.ts; apps/backend/convex/api/v1/index.ts","convex/webhooks/__tests__/delivery.test.ts; convex/webhooks/__tests__/publish.test.ts; convex/webhooks/__tests__/slack_formatter.test.ts; convex/webhooks/__tests__/slack_publish.test.ts",api,not_started,,manager,none,,,,,
EMAIL-002,Transactional emails,Account and workspace lifecycle emails,Sender/admin,"As a sender or workspace admin, I receive the correct transactional email for onboarding and document lifecycle events.","The package renders every exported template, backend actions choose the matching template for each event, and generated HTML stays consistent across invitation, reminder, completion, expiration, team, and ownership-change flows.","apps/backend/convex/documents/email.ts; apps/backend/convex/documents/ownership_transfer_action.ts; packages/transactional/src/index.tsx","packages/transactional/src/emails/welcome.tsx; packages/transactional/src/emails/team-invitation.tsx; packages/transactional/src/emails/signing-complete.tsx; packages/transactional/src/emails/ownership-transferred.tsx; packages/transactional/src/emails/document-invitation.tsx; packages/transactional/src/emails/document-reminder.tsx; packages/transactional/src/emails/document-completed.tsx; packages/transactional/src/emails/document-expiration-alert.tsx; packages/transactional/src/emails/document-expired.tsx; packages/transactional/src/emails/document-viewed.tsx; packages/transactional/src/emails/document-shared.tsx","convex/emails/__tests__/resend_component.test.ts; convex/workflows/__tests__/document_completion_steps.test.ts",email,not_started,,manager,none,,,,,
LANDING-002,Marketing,Secondary public pages,Visitor,"As a visitor, I can browse comparison, integrations, changelog, and legal pages so I can evaluate Seal and trust it before sign-up.","Secondary routes render with correct metadata, internal navigation, and content pages load slugged entries without broken links.","/compare; /integrations; /changelog; /changelog/:slug; /privacy-policy; /terms-of-service; /pages/:slug","apps/landing/src/routes/compare.tsx; apps/landing/src/routes/integrations.tsx; apps/landing/src/routes/changelog.tsx; apps/landing/src/routes/changelog.$slug.tsx; apps/landing/src/routes/privacy-policy.tsx; apps/landing/src/routes/terms-of-service.tsx; apps/landing/src/routes/pages.$slug.tsx; apps/landing/src/components/layout/navbar.tsx; apps/landing/src/components/layout/footer.tsx","",browser,not_started,,manager,none,,,,,
LANDING-003,Developer Docs,Docs and developer reference,Developer,"As a developer, I can navigate docs and developer docs so I can integrate Seal without guessing endpoints.","Docs trees, nested page loaders, search, API reference pages, table of contents, and last-updated metadata render for both docs and developer routes.","/docs; /docs/*; /developer; /developer/*","apps/landing/src/routes/docs.tsx; apps/landing/src/routes/docs/$.tsx; apps/landing/src/routes/developer.tsx; apps/landing/src/routes/developer/$.tsx; apps/landing/src/lib/docs/manifest.ts; apps/landing/src/lib/docs/server-source.ts; apps/landing/src/components/api-page.tsx","",browser,not_started,,manager,none,,,,,
SDK-002,React SDK,Embed configuration and host control,Developer,"As an integrator, I can configure the signing embed and control it from my app shell.","The iframe respects base URL, theme, and decline visibility settings, validates message origins, emits typed lifecycle callbacks, and exposes a working imperative close handle.","packages/react-sdk","packages/react-sdk/src/SealSigningEmbed.tsx; packages/react-sdk/src/types.ts; packages/react-sdk/src/index.ts","",unit,not_started,,manager,none,,,,,
PKG-001,Package surfaces,Vortex Payments package surfaces,Integrator,"As an integrator, I can import the Vortex Payments package and launch hosted or embedded payment surfaces from code.","Package exports resolve cleanly, surface definitions stay in sync with React helpers, and hosted/embedded components are available for checkout, portal, billing, receipts, and merchant workflows.","packages/vortex-payments","packages/vortex-payments/src/index.ts; packages/vortex-payments/src/react.ts; packages/vortex-payments/src/react/components.ts; packages/vortex-payments/src/react-native.ts; packages/vortex-payments/src/surfaces/index.ts; packages/vortex-payments/src/surfaces/catalog.ts","apps/web/e2e/tests/vortex-payments-surfaces.e2e.ts",unit,not_started,,manager,none,,,,,
FEEDBACK-001,Feedback,Feedback widget,Authenticated user,"As an authenticated user, I can report bugs or suggestions so product feedback is captured.","Feedback button opens suggestion flow, submits feedback mutation, and starts bug recording through Jam for bug reports.","App shell feedback button","apps/web/src/components/feedback-button.tsx; apps/backend/convex/feedback/mutations.ts; apps/web/src/lib/jam.ts","",browser,not_started,,manager,none,,,,,
